id,priority,family,eco,name,pgn,why_it_matters,white_plan,black_plan,middlegame_tabia,key_ideas,common_traps,avoid,tags,related
sicilian_najdorf_english_attack,A,Sicilian Defense,B90,Najdorf Variation — English Attack,1. e4 c5 2. Nf3 d6 3. d4 cxd4 4. Nxd4 Nf6 5. Nc3 a6 6. Be3 e5 7. Nb3 Be6 8. f3,"Главная соревновательная ветка Сицилианской: чёрные получают динамику, белые — пространство и атаку.","Рокировка в длинную, Qd2, g4-g5, давление по d-файлу и на короля.","...b5, ...Nbd7, ...Rc8, иногда ...h5; цель — контратака на ферзевом фланге и контроль d5.","Разноцветные атаки: белые давят на короля, чёрные вскрывают ферзевый фланг. Время важнее материала.",Поле d5 — стратегический якорь белых. | ...b5-b4 гонит коня c3 и ускоряет контригру. | Не играй g4 без рокировки/поддержки.,,Белым: автоматический 0-0-0 без оценки ...b5-b4. | Чёрным: пассивная защита короля без контрудара.,1.e4 | black:c5 | sharp,
sicilian_najdorf_classical,A,Sicilian Defense,B92,Najdorf Variation — Classical / Opocensky,1. e4 c5 2. Nf3 d6 3. d4 cxd4 4. Nxd4 Nf6 5. Nc3 a6 6. Be2 e5 7. Nb3 Be7 8. O-O O-O,"Более спокойная альтернатива English Attack; нужна, чтобы понимать позиционные Найдорфы.","Be2, O-O, a4, Be3, Qd2/Re1; игра за контроль d5 и давление в центре.","...b5, ...Bb7, ...Nbd7, ...Rc8; равновесие между центром и ферзевым флангом.",Маневренная борьба: ключ — не отдать d5 и не проспать ...d5.,...d5 — главный освобождающий удар чёрных. | a4 белых замедляет ...b5.,,,,
sicilian_dragon_yugoslav,A,Sicilian Defense,B76,Dragon Variation — Yugoslav Attack,1. e4 c5 2. Nf3 d6 3. d4 cxd4 4. Nxd4 Nf6 5. Nc3 g6 6. Be3 Bg7 7. f3 O-O 8. Qd2 Nc6 9. O-O-O,Классический пример гонки атак: полезен для понимания фианкетто против центра.,"Длинная рокировка, h4-h5, Bh6, размен слона g7, атака по h-линии.","...Rc8, ...Ne5, ...Nc4, ...Qa5, давление на c3 и b2.","Кто быстрее вскроет линию у короля соперника, тот диктует игру.",Слон g7 — душа позиции чёрных. | Белые часто хотят Bh6 до h4-h5. | Жертвы на c3 типичны.,Белые должны учитывать ...Rxc3 в тактических мотивах.,,,
sicilian_accelerated_dragon_maroczy,A,Sicilian Defense,B36,Accelerated Dragon — Maroczy Bind,1. e4 c5 2. Nf3 Nc6 3. d4 cxd4 4. Nxd4 g6 5. c4 Bg7 6. Be3 Nf6 7. Nc3 O-O,Частый способ чёрных избежать югославской атаки; белым важно знать Мароци.,"Зажим c4+e4, Be2, O-O, Qd2, Rfd1; контролируй d5.","...d6, ...a5, ...Nd7, ...Nc5; чёрные ломают зажим через ...a4 или ...b5/ ...d5.","Позиционная борьба за d5: белые душат, чёрные ищут освобождение.",Не выпускай ...d5 бесплатно. | Чёрным нельзя играть пассивно: нужен план контрудара.,,,,
sicilian_classical_rauzer,A,Sicilian Defense,B60-B69,Classical Sicilian — Richter-Rauzer,1. e4 c5 2. Nf3 Nc6 3. d4 cxd4 4. Nxd4 Nf6 5. Nc3 d6 6. Bg5 e6 7. Qd2 Be7 8. O-O-O,Системный способ белых наказать классическое развитие чёрных.,"Связка коня f6, длинная рокировка, f4/e5 или атака по h-линии.","...a6, ...Be7, ...O-O, ...Bd7; подготовить ...b5 или ...d5.","Структура похожа на Найдорф, но без ...a6 в ранний момент — у белых больше давления на f6.",Bg5 провоцирует ослабления. | Чёрным важно не отстать в развитии.,,,,
sicilian_scheveningen_keres,A,Sicilian Defense,B80-B89,Scheveningen — Keres Attack,1. e4 c5 2. Nf3 d6 3. d4 cxd4 4. Nxd4 Nf6 5. Nc3 e6 6. g4,"Ключевой урок: когда чёрные строят ...e6+d6, белые могут атаковать до рокировки.","g4-g5, h4, Bg2/Be3, давление на f6 и d6.","...h6, ...a6, ...Nc6, ...Be7; иногда контрудар ...d5.",Острая позиция: белые покупают пространство ценой риска для короля.,"6.g4 — не «авантюра», а темповая атака на коня f6. | Чёрным нужен конкретный антидот, не общие ходы.",,,,
sicilian_taimanov,A,Sicilian Defense,B47,Taimanov Variation,1. e4 c5 2. Nf3 e6 3. d4 cxd4 4. Nxd4 Nc6 5. Nc3 Qc7,Гибкая Сицилианская без раннего ...d6; часто встречается у позиционных игроков.,"Be3, Qd2, O-O-O или c4; следи за ...Nf6 и ...Bb4.","...a6, ...Nf6, ...Bb4, ...b5; чёрные не спешат с ...d6.",Главная интрига — сможет ли белый закрепить центр или чёрный ударит ...Nf6/...Bb4.,Qc7 поддерживает ...b5 и давит на c3/e5. | Белым важно не позволить лёгкое ...Bb4 с темпом.,,,,
sicilian_kan,A,Sicilian Defense,B41-B43,Kan Variation,1. e4 c5 2. Nf3 e6 3. d4 cxd4 4. Nxd4 a6 5. Bd3 Nf6 6. O-O Qc7,"Очень частая практическая Сицилианская: гибко, но требует понимания пространства.","Bd3, O-O, c4 или Qe2; держи e4 и готовь f4/e5.","...Qc7, ...Nf6, ...b5, ...Bb7; удар по e4 и ферзевый фланг.",Белые имеют пространство; чёрные играют на провокацию пешечных слабостей.,...a6 готовит ...b5 и отнимает b5 у фигур. | c4 белых превращает позицию в Мароци.,,,,
sicilian_sveshnikov,A,Sicilian Defense,B33,Sveshnikov Variation,1. e4 c5 2. Nf3 Nc6 3. d4 cxd4 4. Nxd4 Nf6 5. Nc3 e5 6. Ndb5 d6 7. Bg5 a6 8. Na3 b5,Современная топовая линия: чёрные добровольно дают слабость d5 ради активности.,"Nd5, Bxf6, c3, Nc2-e3; использовать поле d5 и структуру.","...b5, ...Be6, ...Rc8, ...f5; активность и давление на центр.","Стратегия против динамики: белые давят на d5, чёрные доказывают, что темпы важнее.",Поле d5 — компенсация белых за уступку пространства. | Чёрным нельзя медлить с ...f5 или развитием.,,,,
sicilian_kalashnikov,B,Sicilian Defense,B32,Kalashnikov Variation,1. e4 c5 2. Nf3 Nc6 3. d4 cxd4 4. Nxd4 e5 5. Nb5 d6 6. c4,Родственник Свешникова без раннего ...Nf6; часто уводит соперника из заученной теории.,"c4, Nc3, Be2, O-O; зажим d5 и контроль чёрных рычагов.","...Be7, ...f5, ...Nf6, ...a6; чёрные играют на темпы и фланговую активность.",Мароци-подобный зажим против динамического ...f5.,"Белым полезно закрепить d5 до того, как чёрные освободятся.",,,,
sicilian_alapin,A,Sicilian Defense,B22,Alapin Variation,1. e4 c5 2. c3 d5 3. exd5 Qxd5 4. d4 Nf6 5. Nf3,Главный анти-Сицилианский репертуар: снижает теорию Open Sicilian.,"Построить центр d4/e4, быстро развиться, иногда изолятор d4.","...d5 или ...Nf6; цель — немедленно бить центр, не дать белым идеальный пешечный дуэт.","Часто возникает изолированная пешка d4: белые получают активность, чёрные — блокаду.",2.c3 готовит d4 без размена конём. | Чёрным важно сразу атаковать центр.,,,,
sicilian_rossolimo,A,Sicilian Defense,B30-B31,Rossolimo Variation,1. e4 c5 2. Nf3 Nc6 3. Bb5 g6 4. O-O Bg7 5. c3,"Один из самых практичных ответов на 2...Nc6: меньше теории, много позиционных идей.","Иногда Bxc6, c3-d4, давление на слабые поля.","...g6/ ...e6, развитие и компенсация парой слонов.","Белые играют против структуры, чёрные — за активность слонов.","Решение Bxc6 должно быть связано со структурой, не рефлексом.",,,,
sicilian_moscow,A,Sicilian Defense,B51-B52,Moscow Variation,1. e4 c5 2. Nf3 d6 3. Bb5+ Bd7 4. Bxd7+ Qxd7 5. O-O,Практический способ избежать Найдорфа/Дракона после ...d6.,"Быстрая рокировка, c3/d4 или Re1; игра против чуть неловкого ферзя.","...Nf6, ...g6, ...Nc6; чёрные принимают спокойную позицию без худших слабостей.",Позиционная игра без тактической мясорубки Open Sicilian.,Шах Bb5+ заставляет чёрных определить структуру.,,,,
sicilian_closed,B,Sicilian Defense,B23-B26,Closed Sicilian,1. e4 c5 2. Nc3 Nc6 3. g3 g6 4. Bg2 Bg7 5. d3,"Система для игры по планам: меньше конкретной теории, но важны тайминги f4 и b4.","f4, Nf3, Be3, Qd2, королевская атака; иногда b4 на ферзевом фланге.","...e6, ...Nge7, ...d6, ...b5; чёрные борются за пространство и центр.","Маневренная игра: белые часто атакуют короля, чёрные — ферзевый фланг и центр.","Не играй f4, если центр может вскрыться против короля.",,,,
sicilian_grand_prix,B,Sicilian Defense,B23,Grand Prix Attack,1. e4 c5 2. Nc3 Nc6 3. f4 g6 4. Nf3 Bg7 5. Bb5,Популярный атакующий анти-Сицилианский план на клубном уровне.,"f4-f5, Qe1-h4, Bb5, атака на короля.","...g6, ...d6, ...e6; держать центр и не пустить f5 бесплатно.","Белые давят на короля; чёрные выигрывают, если центр вскрывается вовремя.",Qe1-h4 — типовой маршрут ферзя. | Чёрным полезно помнить ...e6 и ...Nge7.,,,,
sicilian_smith_morra,B,Sicilian Defense,B21,Smith-Morra Gambit,1. e4 c5 2. d4 cxd4 3. c3 dxc3 4. Nxc3 Nc6 5. Nf3,"Гамбит, который часто встречается в блице/клубной практике; надо знать схему защиты.","Развитие с темпом: Bc4, O-O, Re1, давление по c/d-файлам.","Принять или отказаться; при принятии быстро развиться: ...d6, ...e6, ...Nf6.","Белые получают активность за пешку; чёрные выживают развитием, не жадностью.",Не пытайся удержать всё любой ценой: безопасность короля важнее пешки.,,,,
ruy_lopez_closed,A,Ruy Lopez,C88-C99,Ruy Lopez — Closed Main Line,1. e4 e5 2. Nf3 Nc6 3. Bb5 a6 4. Ba4 Nf6 5. O-O Be7 6. Re1 b5 7. Bb3 d6 8. c3 O-O 9. h3,"Главная школа стратегического шахматного дебюта: центр, маневры, профилактика.","c3-d4, Re1, Nbd2-f1-g3, давление на e5 и короля.","...b5, ...d6, ...O-O, ...Na5/...c5; контригра против центра и слона b3.","Испанская табия: белые медленно усиливают центр, чёрные ищут ...c5 или ...d5.",h3 предотвращает ...Bg4 и готовит d4. | Маневр Nf1-g3/d2 — классика.,,,,
ruy_lopez_berlin,A,Ruy Lopez,C65-C67,Ruy Lopez — Berlin Defense,1. e4 e5 2. Nf3 Nc6 3. Bb5 Nf6 4. O-O Nxe4 5. d4 Nd6 6. Bxc6 dxc6 7. dxe5 Nf5,Одна из самых важных защит к Испанской: часто ведёт к эндшпильным/структурным позициям.,Использовать пространство и более активные фигуры; не ждать быстрой атаки.,Принять структуру с парой слонов и крепкой обороной; размены выгодны при точной игре.,"Berlin Endgame/структура: белые активнее, чёрные устойчивы.",Белым не надо переигрывать: маленькие улучшения важнее атаки. | Чёрные играют на эндшпильную прочность.,,,,
ruy_lopez_exchange,B,Ruy Lopez,C68-C69,Ruy Lopez — Exchange Variation,1. e4 e5 2. Nf3 Nc6 3. Bb5 a6 4. Bxc6 dxc6 5. O-O,Простой позиционный план против Испанской: испортить структуру и играть эндшпиль.,"Быстро рокировать, иногда d4; использовать структуру c6+c7 в эндшпиле.",Компенсация парой слонов и открытой d-линией; активность важнее пешечной красоты.,Белые играют на долгосрочную структуру; чёрные — на активных слонов.,Не разменивать всё автоматически: пара слонов чёрных может стать сильной.,,,,
ruy_lopez_marshall,A,Ruy Lopez,C89,Ruy Lopez — Marshall Attack,1. e4 e5 2. Nf3 Nc6 3. Bb5 a6 4. Ba4 Nf6 5. O-O Be7 6. Re1 b5 7. Bb3 O-O 8. c3 d5,Критическая Испанская: чёрные жертвуют пешку за мощную инициативу.,Знать анти-Маршалл или принимать с точной защитой; не играть по общим принципам.,Жертва ...d5 даёт линии и темпы против белого короля.,После принятия — дебютная теория превращается в тактическую защиту белых.,"8...d5 — центральный взрыв. | Анти-Маршалл: 8.a4, 8.h3, 8.d4.",,"В приложении пометить как «требует отдельного тренажёра», если пользователь принимает гамбит.",,
italian_giuoco_pianissimo,A,Italian Game,C50-C54,Giuoco Pianissimo,1. e4 e5 2. Nf3 Nc6 3. Bc4 Bc5 4. c3 Nf6 5. d3 d6 6. O-O O-O,Современная универсальная альтернатива Испанской; часто встречается на всех уровнях.,"c3, d3, O-O, Re1, Nbd2-f1-g3; затем d4 или атака на короля.","Зеркально развиться, выбрать ...a6/...h6, ...O-O, иногда ...d5.","Медленная борьба за d4/d5; кто лучше подготовит разрыв, тот получает инициативу.",Не путать с ранним d4: Pianissimo — сначала развитие и профилактика.,,,,
italian_two_knights_ng5,B,Italian Game,C55-C59,Two Knights Defense — 4.Ng5,1. e4 e5 2. Nf3 Nc6 3. Bc4 Nf6 4. Ng5 d5 5. exd5 Na5 6. Bb5+ c6 7. dxc6 bxc6,"Тактическая линия, которую нужно знать, чтобы не бояться 3...Nf6.","Давление на f7, но после ...Na5 надо не потерять темпы.","Жертвовать пешку/структуру за темпы: ...c6, ...bxc6, активные фигуры.","Чёрные получают активность за пешку; белые должны играть точно, иначе инициатива исчезает.","4.Ng5 выглядит прямолинейно, но требует теории. | Чёрные не защищают f7 пассивно, а бьют центр.",,,,
scotch_game,A,Scotch Game,C45,Scotch Game,1. e4 e5 2. Nf3 Nc6 3. d4 exd4 4. Nxd4 Nf6 5. Nc3 Bb4,"Прямой способ вскрыть центр против 1...e5; меньше маневров, чем в Испанской.","Быстрое развитие, давление в центре, иногда Nxc6 и e5.","Развиваться с темпами на центр: ...Nf6, ...Bb4, ...Bc5.","Открытый центр: ошибки в развитии наказываются быстрее, чем в Испанской.",После 4.Nxd4 белый ферзь/конь могут стать темповой целью.,,,,
four_knights,B,Open Games,C47-C49,Four Knights Game,1. e4 e5 2. Nf3 Nc6 3. Nc3 Nf6 4. Bb5 Bb4,Надёжная симметричная линия; нужна для распознавания спокойных e4-e5 позиций.,"Bb5, O-O, d3 или d4; игра без раннего риска.","Развиваться симметрично, затем выбрать ...Bb4 или ...d5.","Малые преимущества: структура, поле d5, темпы на связках.",Симметрия не равна ничьей: первый разрыв центра важен.,,,,
vienna_gambit,B,Vienna Game,C25-C29,Vienna Game — Vienna Gambit,1. e4 e5 2. Nc3 Nf6 3. f4 d5 4. fxe5 Nxe4,Популярная практическая атака белых; чёрным нужно знать центральный ответ.,"f4 даёт атаку, но центр должен быть под контролем.","...d5 — лучший принцип: бей центр, не защищайся пассивно.",Открытые линии и нестабильный центр; ранний фланговый удар требует точности.,"Если белые играют f4, чёрные должны отвечать в центре.",,,,
kings_gambit_accepted,B,King’s Gambit,C33-C39,King’s Gambit Accepted,1. e4 e5 2. f4 exf4 3. Nf3 g5 4. h4 g4 5. Ne5,Исторически важный и до сих пор практический гамбит; учит игре за инициативу.,"Вернуть/играть за пешку через развитие, h4, Bc4, O-O.",Принять и удерживать только если развитие не страдает; ...g5-g4 — остро.,"Белые вскрывают королевский фланг, чёрные получают материальный плюс и риск.",Не держи пешку ценой матовой безопасности.,,,,
petroff_main,A,Petroff Defense,C42-C43,Petroff Defense — Main Line,1. e4 e5 2. Nf3 Nf6 3. Nxe5 d6 4. Nf3 Nxe4 5. d4 d5,Одна из самых надёжных защит к 1.e4; обязательна для понимания симметрии и темпов.,"Использовать лишний темп развития, c4 или Bd3, давление на e4/d5.",Вернуть симметрию и получить крепкий центр.,"Ровная структура; перевес рождается из темпов и лучшего развития, не из «атаки».",В Петрове нельзя механически копировать: темпы решают.,,,,
philidor_defense,B,Open Games,C41,Philidor Defense,1. e4 e5 2. Nf3 d6 3. d4 Nf6 4. Nc3 exd4 5. Nxd4,Частая у любителей защита; белым важно быстро занять центр.,"d4, Nc3, Be2/Bc4, O-O; использовать пассивность ...d6.","Держать e5, развиться без зажатия; иногда ...exd4 и ...Be7.",Белые имеют пространство; чёрные должны вовремя освободиться ...c6/...d5.,Главная проблема чёрных — пассивный слон c8.,,,,
ponziani,C,Open Games,C44,Ponziani Opening,1. e4 e5 2. Nf3 Nc6 3. c3 Nf6 4. d4,"Редкая, но практичная линия; приложение должно распознавать её как центр d4.","c3-d4, выиграть центр, но не отстать в развитии.",...Nf6 или ...d5 — немедленный удар по центру.,"Белые получают пешечный центр, чёрные атакуют его фигурами.",Против c3 в открытых играх принцип — ударить по центру.,,,,
bishops_opening,C,Open Games,C23-C24,Bishop’s Opening,1. e4 e5 2. Bc4 Nf6 3. d3 Nc6 4. Nf3,Гибкий способ попасть в Итальянскую/Венскую без 2.Nf3.,"Развитие, d3, Nf3, O-O; часто переход в Italian structures.","...Nf6, ...Nc6, ...Bc5; нормальное развитие и контроль d4.","Часто транспонирует, поэтому app должен связывать с Italian/Vienna.",Не считать редкостью: это часто транспозиция.,,,,
french_winawer,A,French Defense,C15-C19,Winawer Variation,1. e4 e6 2. d4 d5 3. Nc3 Bb4 4. e5 c5 5. a3 Bxc3+ 6. bxc3,Критическая Французская: структура и пара слонов против слабостей.,"Пространство e5, атака на короля, использовать пару слонов и центр.","Давление на c3/d4, ...c5, ...Qa5, ...Ne7, ...b6; подрыв центра.","Белые атакуют, но имеют слабые пешки c; чёрные играют по структуре.","Французский слон c8 — проблема чёрных, но в Winawer есть контригра.",,,,
french_classical_steinitz,A,French Defense,C11-C14,Classical / Steinitz Variation,1. e4 e6 2. d4 d5 3. Nc3 Nf6 4. e5 Nfd7 5. f4 c5 6. Nf3,Базовая структура French Advance с конём на c3; учит игре против центра.,"Пространство e5+f4, развить фигуры, поддержать d4, атака на короля.","...c5, ...Nc6, ...Qb6; давление на d4 и белые поля.",Цепь d4-e5 против ...c5/...f6: кто лучше ломает центр.,...c5 и ...f6 — главные рычаги чёрных.,,,,
french_tarrasch,A,French Defense,C03-C09,Tarrasch Variation,1. e4 e6 2. d4 d5 3. Nd2 c5 4. exd5 exd5 5. Ngf3,Умный способ избежать Winawer; часто ведёт к изолятору или симметрии.,Nd2 поддерживает e4 и избегает ...Bb4; играть c3/Ngf3/Bd3.,...c5 сразу давит на d4; чёрные получают активную структуру.,Борьба вокруг изолятора d4/d5 и темпа развития.,"3.Nd2 менее активно, но гибко. | Чёрным не стоит медлить с ...c5.",,,,
french_advance,A,French Defense,C02,Advance Variation,1. e4 e6 2. d4 d5 3. e5 c5 4. c3 Nc6 5. Nf3 Qb6,Одна из самых частых Французских у любителей: понятная пешечная цепь.,"Цепь c3-d4-e5, развитие, иногда a3/b4, атака на короля.","...c5, ...Qb6, ...Nc6, ...f6; атаковать основание d4.","Учебная структура: белые играют на пространстве, чёрные — на подрывах.",Основание цепи белых — d4; чёрные атакуют его первыми.,,,,
french_exchange,B,French Defense,C01,Exchange Variation,1. e4 e6 2. d4 d5 3. exd5 exd5 4. Nf3 Nf6 5. Bd3,"Встречается часто как «избежать теории»; нужно знать, как играть на победу.","Развитие, Bd3, O-O, c3; играть против симметрии активностью.","Не соглашаться на мёртвую симметрию: ...Bd6, ...Nf6, ...O-O, ...c5.","Симметричная структура, где инициативу дают темпы и активные фигуры.","Чёрным полезно рано играть ...c5, чтобы нарушить симметрию.",,,,
french_rubinstein,B,French Defense,C10,Rubinstein Variation,1. e4 e6 2. d4 d5 3. Nc3 dxe4 4. Nxe4 Nd7,Солидная Французская без острой теории Winawer/Classical.,"Развиться с Nf3, Bd3, O-O; использовать пространство и активность.","...Nd7, ...Nf6, ...Be7; размены и крепкая структура.","Белые активнее, чёрные стабильны. Главная задача белых — не дать равенство без борьбы.","После ...dxe4 чёрные снимают напряжение, но отдают белым свободное развитие.",,,,
caro_advance_short,A,Caro-Kann Defense,B12,Advance Variation — Short System,1. e4 c6 2. d4 d5 3. e5 Bf5 4. Nf3 e6 5. Be2 c5 6. O-O,Самая частая современная структура Каро-Канн: белые берут пространство.,"e5, Nf3, Be2/O-O; затем c4 или атака на короля.","...Bf5 до ...e6, затем ...c5; подрыв центра.","Белые имеют пространство, чёрные целятся в d4 и играют активным слоном f5.",Смысл Caro: вывести слона c8 до закрытия ...e6.,,,,
caro_classical_bf5,A,Caro-Kann Defense,B18-B19,Classical Variation — 4...Bf5,1. e4 c6 2. d4 d5 3. Nc3 dxe4 4. Nxe4 Bf5 5. Ng3 Bg6 6. h4 h6,Классическая линия Каро-Канн; обязательна для обеих сторон.,"Ng3, h4, Nf3, Bc4; давить на королевский фланг и центр.","Слон g6, ...h6, ...e6, ...Nd7; крепкая структура.","Белые атакуют слона и пространство, чёрные выдерживают и развиваются.",h4-h5 — типовой ресурс белых. | Чёрным важно не потерять слона f5/g6.,,,,
caro_kann_karpov,B,Caro-Kann Defense,B17,Karpov Variation — 4...Nd7,1. e4 c6 2. d4 d5 3. Nc3 dxe4 4. Nxe4 Nd7 5. Nf3 Ngf6,Солидная система Каро-Канн с минимумом ранних тактик.,"Развиться, Bd3/Bc4, O-O; использовать пространство.","...Ngf6, ...e6, ...Be7; разменять активные фигуры белых.","Позиционная игра: белые активнее, чёрные строят крепость.",Чёрные часто стремятся к эндшпилю с хорошей структурой.,,,,
caro_panov,A,Caro-Kann Defense,B13-B14,Panov-Botvinnik Attack,1. e4 c6 2. d4 d5 3. exd5 cxd5 4. c4 Nf6 5. Nc3 e6,Ключевая линия против Exchange Caro: белые получают изолированную пешку и активность.,"c4, Nc3, Nf3; играть на активность и d5/d4.","Блокировать изолятор, разменивать фигуры, давить на d4.","Классика IQP: белые атакуют, чёрные блокируют.","Изолированная пешка — сила в миттельшпиле, слабость в эндшпиле.",,,,
caro_exchange,B,Caro-Kann Defense,B13,Exchange Variation,1. e4 c6 2. d4 d5 3. exd5 cxd5 4. Bd3 Nc6 5. c3,Частый практический способ играть без тяжёлой теории.,"Bd3, c3, Nf3, Bf4/Bg5; развиваться и искать атаку.","...Nc6, ...Nf6, ...Bg4; активность фигур компенсирует симметрию.",Симметричная структура; игра идёт за активные фигуры и контроль e-файла.,Чёрным нельзя играть слишком пассивно: слон c8 должен выйти.,,,,
caro_two_knights,B,Caro-Kann Defense,B11,Two Knights Variation,1. e4 c6 2. Nc3 d5 3. Nf3 dxe4 4. Nxe4 Nf6,"Удобный анти-Каро вариант для белых, часто встречается в быстрых партиях.","Развитие без d4, быстрые фигуры и давление на f6/e4.","...dxe4, ...Nf6; не дать белым бесплатную атаку.","Менее структурная, более фигурная игра, чем классический Caro.","Чёрным полезно знать, когда менять коней на e4.",,,,
scandinavian_qa5,A,Scandinavian Defense,B01,Scandinavian — 3...Qa5,1. e4 d5 2. exd5 Qxd5 3. Nc3 Qa5 4. d4 Nf6 5. Nf3,Простая и частая защита; белым важно не переоценивать темпы на ферзя.,"Развиться с d4/Nf3/Bc4, выиграть темпы, но не гонять ферзя бесконечно.","Ферзь на a5, ...Nf6, ...c6, ...Bf5; крепкая скандинавская структура.","Белые имеют темпы, чёрные — ясную структуру и лёгкое развитие.","После 3.Nc3 ферзь уходит, но чёрные не проиграли: нужна нормальная игра.",,,,
scandinavian_modern_nf6,B,Scandinavian Defense,B01,Modern Scandinavian — 2...Nf6,1. e4 d5 2. exd5 Nf6 3. d4 Nxd5 4. c4 Nb6,Альтернатива раннему выводу ферзя; часто ведёт к активной фигурной игре.,Занять центр d4/c4 и развиться.,"Вернуть пешку фигурой, давить на центр, иногда ...g6.",Позиции напоминают открытый центр с лишним пространством у белых.,"Белым не стоит жадничать пешкой d5, если развитие отстаёт.",,,,
pirc_austrian,A,Pirc Defense,B09,Austrian Attack,1. e4 d6 2. d4 Nf6 3. Nc3 g6 4. f4 Bg7 5. Nf3 O-O,Главный агрессивный тест Пирца: белые строят большой центр.,"e4-d4-f4, Nf3, Be2/Bd3, O-O; атака и контроль e5.","...Bg7, ...O-O, ...c5 или ...e5; подорвать центр.","Белые имеют пространство; чёрные ждут момент, чтобы ударить по центру.","В Пирце чёрные не борются за центр пешками сразу, но обязаны подрывать позже.",,,,
pirc_150_attack,A,Pirc Defense,B07-B09,150 Attack,1. e4 d6 2. d4 Nf6 3. Nc3 g6 4. Be3 Bg7 5. Qd2 O-O 6. O-O-O,Простой атакующий план против Pirc/Modern.,"Be3-Qd2-O-O, h4-h5, Bh6; атака на короля.",...c6/ ...a6/ ...b5 или ...e5; контрудар до атаки белых.,Рокировки в разные стороны: темп и пешечные рычаги решают.,"Чёрным нельзя смотреть, как белые проводят h4-h5.",,,,
modern_defense,B,Modern Defense,B06,Modern Defense,1. e4 g6 2. d4 Bg7 3. Nc3 d6 4. Be3 a6,"Гибкая защита, часто пересекается с Пирцем и КИД.","Занять центр, развиться, выбрать Be3/Qd2 или f4.","Фианкетто, ...a6/...b5 или ...c5; провоцировать чрезмерное расширение центра.","Белые имеют центр, чёрные атакуют его с фланга.",Modern опасен для обеих сторон: один лишний темп решает структуру.,,,,
alekhine_modern,B,Alekhine Defense,B04-B05,Alekhine — Modern Variation,1. e4 Nf6 2. e5 Nd5 3. d4 d6 4. Nf3 Bg4 5. Be2 e6,Защита-провокация: чёрные заставляют белых занять центр и потом его атакуют.,Строить центр без перегиба; развиваться и поддерживать d4/e5.,"Атаковать центр: ...d6, ...Bg4, ...e6, ...c5.",Белый центр против чёрных подрывов; не путать пространство с выигрышем.,"Белым нельзя гнать коня любой ценой, забыв развитие.",,,,
owen_defense,C,Owen Defense,B00,Owen Defense,1. e4 b6 2. d4 Bb7 3. Bd3 e6 4. Nf3,"Редкое, но практическое фианкетто; приложение должно давать базовый план.","Занять центр, развиться, не зевнуть давление на e4.","...Bb7 давит на e4; затем ...Nf6, ...c5 или ...d5.",Белый центр под прицелом диагонали a8-h1.,Защищай e4: ход Bd3 часто нужен именно для этого.,,,,
nimzowitsch_defense,C,Nimzowitsch Defense,B00,Nimzowitsch Defense,1. e4 Nc6 2. d4 d5 3. e5 Bf5,Редкая система; важно не растеряться и сыграть нормальный центр.,"d4/e5, развить фигуры, не закрыть все линии без плана.","...d5, ...Bf5, ...e6; давление на центр.",Похожа на French/Caro гибрид: центр белых против подрывов.,Против редких дебютов лучший ответ — центр + развитие.,,,,
qgd_orthodox,A,Queen’s Gambit Declined,D35-D69,QGD — Orthodox Main Line,1. d4 d5 2. c4 e6 3. Nc3 Nf6 4. Bg5 Be7 5. e3 O-O 6. Nf3 h6 7. Bh4,Базовая ферзевая структура; фундамент для понимания d4-дебютов.,"Развить фигуры, cxd5 в нужный момент, давление на c/e-линии.","...Be7, ...O-O, ...h6, ...c6/ ...b6; освободиться через ...c5 или ...e5.",Плотная структура: главный вопрос — кто лучше подготовит центральный разрыв.,Чёрным нужен освобождающий ход ...c5 или ...e5. | Белым важно не запереть слона c1 без плана.,,,,
qgd_exchange,A,Queen’s Gambit Declined,D35,QGD — Exchange Variation / Carlsbad,1. d4 d5 2. c4 e6 3. Nc3 Nf6 4. cxd5 exd5 5. Bg5 Be7 6. e3 O-O,Карлсбадская структура — обязательный паттерн миттельшпиля.,Minority attack: b4-b5 против пешек c6/d5; либо атака на короля.,"...c6, ...Bf5/ ...Be6, ...Ne4; держать c6 и создавать контригру.","Белые часто атакуют ферзевый фланг меньшинством, чёрные — центр/короля.","b4-b5 — не «фланг ради фланга», а атака на базу c6.",,,,
qgd_tartakower,A,Queen’s Gambit Declined,D58-D59,QGD — Tartakower / Makogonov-Bondarevsky,1. d4 d5 2. c4 e6 3. Nc3 Nf6 4. Bg5 Be7 5. e3 O-O 6. Nf3 h6 7. Bh4 b6,Классическая активная система чёрных в QGD.,"Давить на центр, cxd5, развить ладьи; следить за ...Bb7.","...b6, ...Bb7, ...Ne4; решить проблему слона c8.","Чёрные получают активного слона, белые — стабильный центр.",...b6 — способ оживить слона c8.,,,,
qgd_tarrasch,A,Queen’s Gambit Declined,D32-D34,Tarrasch Defense,1. d4 d5 2. c4 e6 3. Nc3 c5 4. cxd5 exd5 5. Nf3 Nc6,Важнейшая IQP-структура для чёрных.,"Блокировать изолятор d5, разменивать активные фигуры, давить на d5.","Использовать активность IQP: ...Nc6, ...cxd4, ...Bg4, ...Nf6.","Изолированная пешка d5: чёрные активнее в миттельшпиле, слабее в эндшпиле.","Tarrasch — защита для активной игры, не для пассивной блокады.",,,,
qgd_semi_tarrasch,B,Queen’s Gambit Declined,D40-D42,Semi-Tarrasch Defense,1. d4 d5 2. c4 e6 3. Nc3 Nf6 4. Nf3 c5 5. cxd5 Nxd5,Солидная альтернатива Tarrasch без изолятора в той же форме.,"Развиваться, e4 в нужный момент, использовать пространство.","Разменять центр, получить активные фигуры и равную структуру.",Борьба за e4/e5 и темпы развития.,"Чёрные снимают напряжение конём, а не пешкой, чтобы избежать классического IQP.",,,,
slav_main,A,Slav Defense,D10-D19,Slav Defense — Main Line,1. d4 d5 2. c4 c6 3. Nf3 Nf6 4. Nc3 dxc4 5. a4 Bf5 6. e3,Одна из главных защит на 1.d4; важно понимать ход ...dxc4.,"Вернуть пешку c4 через e3/Bxc4, развиться, не дать ...b5 удержать пешку.","Сохранить слона c8 активным через ...Bf5, иногда удерживать c4.","Чёрные получают крепкую структуру, белые — пространство и темпы против c4.",a4 мешает ...b5 и помогает вернуть пешку.,,,,
slav_exchange,B,Slav Defense,D10-D14,Slav Defense — Exchange Variation,1. d4 d5 2. c4 c6 3. cxd5 cxd5 4. Nc3 Nf6 5. Bf4,"Часто выбирают для простоты; нужно знать, как делать позицию живой.","Развить Bf4, e3, Nf3; играть на маленькие темпы.","Симметрия, но можно играть ...Nc6, ...Bf5, ...e6, активные фигуры.","Почти симметричная структура: выигрывает тот, кто лучше расставит фигуры.","Чёрным не соглашаться на пассивную копию, а развивать слона активно.",,,,
semi_slav_meran,A,Semi-Slav Defense,D45-D49,Semi-Slav — Meran Variation,1. d4 d5 2. c4 c6 3. Nf3 Nf6 4. Nc3 e6 5. e3 Nbd7 6. Bd3 dxc4 7. Bxc4 b5,Критическая полузакрытая система: чёрные получают активную ферзевую игру.,"Развиться, e4 в нужный момент, использовать центр против ...b5.","...dxc4 и ...b5 выигрывают темпы, затем ...Bb7 и ...c5.",Чёрные расширяются на ферзевом фланге; белые стремятся к центральному e4.,"В Meran чёрные не просто берут пешку, а получают темпы на слоне.",,,,
semi_slav_moscow_botvinnik,A,Semi-Slav Defense,D43-D44,Semi-Slav — Moscow / Botvinnik Complex,1. d4 d5 2. c4 c6 3. Nf3 Nf6 4. Nc3 e6 5. Bg5 h6 6. Bh4 dxc4,Острая теория Semi-Slav; приложение должно предупреждать о глубокой тактике.,"Bg5 провоцирует ...h6; дальше либо e4, либо спокойные схемы.","...h6, ...dxc4, иногда ...g5; активная, но рискованная игра.",Тактические позиции с нарушенной структурой и инициативой.,После 5.Bg5 нужно знать конкретный репертуар: Moscow или Botvinnik.,,,,
qga_main,A,Queen’s Gambit Accepted,D20-D29,Queen’s Gambit Accepted — Main Line,1. d4 d5 2. c4 dxc4 3. Nf3 Nf6 4. e3 e6 5. Bxc4 c5,"Чёрные принимают пешку, но обычно не удерживают её любой ценой.","Вернуть c4, быстро развиться, использовать центр.","Вернуть пешку в обмен на темпы, играть ...c5 и ...e6.",Открытая ферзевая игра: центр и развитие важнее пешки c4.,"QGA — не «выигрыш пешки», а способ быстро ударить по центру.",,,,
albin_countergambit,B,Queen’s Gambit,D08-D09,Albin Countergambit,1. d4 d5 2. c4 e5 3. dxe5 d4 4. Nf3 Nc6,"Редкий, но опасный гамбит; надо знать, что делать с пешкой d4.","Принять центр, развиться, не попасть в ловушки на e5/d4.",Пешка d4 мешает развитию белых; чёрные играют на быстрые темпы.,Чёрные получают пространство и тактику за пешку.,"Белым нельзя механически играть e3, если есть тактические удары.",,,,
chigorin_defense,B,Queen’s Gambit,D07,Chigorin Defense,1. d4 d5 2. c4 Nc6 3. Nf3 Bg4 4. Nc3 e6,Активная защита против ферзевого гамбита; часто удивляет.,"Использовать то, что ...Nc6 блокирует c-пешку; развиться и давить на d5.","Фигурное давление на центр: ...Nc6, ...Bg4, ...e6.","Чёрные развиваются активно, но структура менее гибкая.","...Nc6 активно, но мешает ...c5: это стратегическая цена.",,,,
london_system,A,Queen’s Pawn Game,D02,London System,1. d4 Nf6 2. Bf4 d5 3. e3 c5 4. c3 Nc6 5. Nf3,Один из самых частых системных дебютов на клубном уровне.,"Bf4/e3/c3/Nf3/Bd3; играть e4 или атаку на короля, не засыпать.","...c5, ...Nc6, ...Qb6; немедленно давить на b2/d4.","Система против системы: чёрные должны бить центр, белые — найти активный план.",Лондон не выигрывает сам: нужен разрыв e4 или игра по королю.,,,,
jobava_london,B,Queen’s Pawn Game,D00,Jobava London,1. d4 d5 2. Nc3 Nf6 3. Bf4 e6 4. e3 Bb4,Популярная современная атакующая система; часто ловит неподготовленных.,"Nc3+Bf4, e3, Qf3/O-O-O иногда; давление на c7/e4.","...e6, ...Bb4, ...c5; ударить центр и связать коня.","Более острый Лондон: белые получают развитие, но конь c3 блокирует c-пешку.",Чёрным полезна ранняя связка ...Bb4.,,,,
colle_zukertort,B,Queen’s Pawn Game,D04-D05,Colle-Zukertort System,1. d4 d5 2. Nf3 Nf6 3. e3 e6 4. Bd3 c5 5. b3,Системный дебют для понимания атаки через e4 и фианкетто b3.,Nf3/e3/Bd3/b3/Bb2; подготовить e4.,"...c5, ...Nc6, ...Bd6; не дать e4 бесплатно.",Белые строят фигуры для e4; чёрные давят на центр заранее.,"Ключ Colle — прорыв e4, а не «расставить фигуры и ждать».",,,,
torre_attack,B,Queen’s Pawn Game,D03,Torre Attack,1. d4 Nf6 2. Nf3 e6 3. Bg5 c5 4. e3,"Частая система против ...Nf6/...e6; похожа на Лондон, но со связкой.","Bg5, e3, Bd3, c3; давление на f6 и e4.","...c5, ...Qb6, ...Be7; атаковать d4/b2 и развязаться.",Белые играют через связку и e4; чёрные через давление на ферзевом фланге.,Связка Bg5 полезна только если она мешает ...e5/...c5.,,,,
trompowsky,B,Queen’s Pawn Game,A45,Trompowsky Attack,1. d4 Nf6 2. Bg5 Ne4 3. Bf4 c5 4. f3,"Анти-Индийский вариант, который ломает привычные схемы чёрных.","Bg5 провоцирует, затем f3/e4; играть нестандартную структуру.",...Ne4 или ...d5; не дать белым бесплатную пару слонов/центр.,Ранняя борьба за коня f6 и центр; много несимметричных структур.,"Если чёрные играют ...Ne4, белым нужно знать f3/e4-план.",,,,
stonewall_attack,C,Queen’s Pawn Game,A45/D00,Stonewall Attack,1. d4 d5 2. e3 Nf6 3. f4 c5 4. c3 Nc6 5. Bd3,"Системная атака, часто у начинающих; приложение должно объяснять слабые поля.","Фигурами на королевский фланг: Nf3, Bd3, O-O, Ne5, Qf3.","Бить по тёмным полям и центру: ...c5, ...Nc6, ...Bf5.","Белые получают контроль e5, но ослабляют e4 и диагонали.","Stonewall хорош, если конь закрепляется на e5; плох, если центр разваливается.",,,,
nimzo_rubinstein,A,Nimzo-Indian Defense,E40-E59,Nimzo-Indian — Rubinstein,1. d4 Nf6 2. c4 e6 3. Nc3 Bb4 4. e3 O-O 5. Bd3 d5 6. Nf3,Фундаментальная защита к 1.d4: контроль центра фигурами и игра против структуры.,"e3, Bd3, Nf3, O-O; решить, когда играть a3/cxd5/e4.","Связка коня c3, давление на c4/e4, иногда ...d5 или ...c5.","Белые имеют центр, чёрные могут испортить структуру и играть по слабостям.","Смысл Nimzo — не атака на короля, а контроль e4 через связку.",,,,
nimzo_classical_qc2,A,Nimzo-Indian Defense,E32-E39,Nimzo-Indian — Classical 4.Qc2,1. d4 Nf6 2. c4 e6 3. Nc3 Bb4 4. Qc2 O-O 5. a3 Bxc3+ 6. Qxc3,Белые избегают сдвоенных пешек и держат пару слонов.,"Qc2, a3, вернуть ферзём, затем e4 или Nf3/g3.","Быстро развиться и доказать, что темпы важнее пары слонов белых.","Белые имеют пару слонов, чёрные — темпы и шанс атаковать центр.","4.Qc2 дороже по темпам, но сохраняет структуру.",,,,
nimzo_saemisch,B,Nimzo-Indian Defense,E24-E29,Nimzo-Indian — Sämisch,1. d4 Nf6 2. c4 e6 3. Nc3 Bb4 4. a3 Bxc3+ 5. bxc3,Классика структуры: белые получают пару слонов и слабые пешки.,"Пара слонов, e4, f3, расширение центра; играть активно до эндшпиля.","Бить по c4/c3, блокировать центр, провоцировать слабости.",Структурный дисбаланс: активность белых против слабых пешек.,"Если белые пассивны, сдвоенные пешки становятся чистой слабостью.",,,,
queen_indian_main,A,Queen’s Indian Defense,E12-E19,Queen’s Indian Defense — Main Line,1. d4 Nf6 2. c4 e6 3. Nf3 b6 4. g3 Ba6 5. b3 Bb4+,"Главная альтернатива Nimzo, когда белые играют 3.Nf3.","g3/Bg2, развиться, держать центр и c4.","...b6, ...Ba6, давление на c4 и белые поля.",Позиционная борьба за c4/e4 и диагонали.,...Ba6 — типовой удар по c4 и слабым белым полям.,,,,
bogo_indian,B,Bogo-Indian Defense,E11,Bogo-Indian Defense,1. d4 Nf6 2. c4 e6 3. Nf3 Bb4+ 4. Bd2 Be7,Солидный способ избежать Queen’s Indian/Catalan теории.,"Bd2, g3/e3; развиться и получить небольшой плюс пространства.","Шахом заставить белых определиться, затем крепкая структура.","Много маневров, мало ранних тактик; важны диагонали и темпы.","Шах ...Bb4+ — способ навязать расстановку, не матовая атака.",,,,
kings_indian_classical,A,King’s Indian Defense,E90-E99,King’s Indian — Classical Main Line,1. d4 Nf6 2. c4 g6 3. Nc3 Bg7 4. e4 d6 5. Nf3 O-O 6. Be2 e5 7. O-O Nc6,Главная школа закрытого центра и фланговых атак.,"d5, Be3, Nd2/f3, ферзевый фланг c5/b4; иногда королевская атака.","...e5, ...Nc6, ...f5; атака на короля после закрытия центра.","После d5 — белые играют на ферзевом фланге, чёрные на королевском.",В КИД направление атаки задаёт закрытый центр. | ...f5 — главный рычаг чёрных.,,,,
kings_indian_saemisch,A,King’s Indian Defense,E80-E89,King’s Indian — Sämisch,1. d4 Nf6 2. c4 g6 3. Nc3 Bg7 4. e4 d6 5. f3 O-O 6. Be3,Анти-КИД с сильным центром и готовностью к длинной рокировке.,"f3 поддерживает e4; Be3, Qd2, O-O-O или медленный центр.","...c5, ...e5, ...a6; подрывать до атаки белых.","Белые получают крепкий центр, чёрные ищут контрудар по нему.","f3 укрепляет центр, но замедляет развитие коня g1.",,,,
kings_indian_averbakh,B,King’s Indian Defense,E73-E75,King’s Indian — Averbakh,1. d4 Nf6 2. c4 g6 3. Nc3 Bg7 4. e4 d6 5. Be2 O-O 6. Bg5,Позиционный способ ограничить ...f5 и ...e5 идеи чёрных.,"Bg5, Be2, Qd2, h4 иногда; мешать ...e5/...f5.",...c5 или ...h6/ ...Na6; не дать белым комфортно связать структуру.,"Белые борются за профилактику, чёрные — за своевременный центральный подрыв.",Связка Bg5 часто провоцирует ...h6 и меняет план.,,,,
kings_indian_four_pawns,B,King’s Indian Defense,E76-E79,King’s Indian — Four Pawns Attack,1. d4 Nf6 2. c4 g6 3. Nc3 Bg7 4. e4 d6 5. f4 O-O 6. Nf3,Максимальный центр белых; чёрным нужен точный подрыв.,"Большой центр, развитие, e5 или f5; не развалиться от ...c5/...e5.","...c5, ...e5, ...Na6; атаковать центр до того, как он пойдёт вперёд.","Белые сильны, если центр движется; чёрные сильны, если центр становится мишенью.",Четыре пешки — сила и слабость одновременно.,,,,
grunfeld_exchange,A,Grünfeld Defense,D85-D89,Grünfeld — Exchange Variation,1. d4 Nf6 2. c4 g6 3. Nc3 d5 4. cxd5 Nxd5 5. e4 Nxc3 6. bxc3 Bg7,Ключевая гипермодерная защита: чёрные дают центр и атакуют его.,"Большой центр c3/d4/e4, Be3/Qd2; продвигать центр осторожно.","...Bg7, ...c5, ...Qa5; давление на d4 и центр.",Белый центр против давления по диагонали g7-a1 и рычага ...c5.,"В Grünfeld белый центр — не подарок, а мишень.",,,,
grunfeld_russian,B,Grünfeld Defense,D97,Grünfeld — Russian System,1. d4 Nf6 2. c4 g6 3. Nc3 d5 4. Nf3 Bg7 5. Qb3 dxc4 6. Qxc4 O-O,Популярный способ белых вывести ферзя и давить на центр.,"Qb3/Qxc4, e4, развиться; следить за темпами на ферзя.","...dxc4, ...O-O, ...a6; атаковать ферзя и центр.","Ферзь белых активен, но может стать объектом темпов.","Ранний ферзь силён, если он не тормозит развитие.",,,,
catalan_open,A,Catalan Opening,E01-E09,Open Catalan,1. d4 Nf6 2. c4 e6 3. g3 d5 4. Bg2 dxc4 5. Nf3 Be7 6. O-O O-O,Один из главных современных позиционных дебютов.,"Фианкетто, давление на c4/d5, вернуть пешку или получить компенсацию.","Принять c4, развиться, удержать пешку только если это не тормозит развитие.",Белые давят по диагонали g2-a8; чёрные решают судьбу пешки c4.,В Каталане пешка c4 часто вторична; важнее диагональ g2.,,,,
catalan_closed,A,Catalan Opening,E06-E09,Closed Catalan,1. d4 Nf6 2. c4 e6 3. g3 d5 4. Bg2 Be7 5. Nf3 O-O 6. O-O,Солидная Каталонская структура без раннего взятия c4.,"Давление на d5, cxd5 или Ne5, медленное усиление.","...Be7, ...O-O, ...c6/ ...c5; держать центр.",Позиционная борьба за диагонали и центральные разрывы.,"Если чёрные не берут c4, белым надо найти другой источник давления.",,,,
modern_benoni,A,Benoni Defense,A60-A79,Modern Benoni,1. d4 Nf6 2. c4 c5 3. d5 e6 4. Nc3 exd5 5. cxd5 d6 6. e4 g6,Острая структура d5 против ...c5/...e6; нужна для понимания дисбалансов.,"Пространство d5/e4, e5 или f4; давить на d6.","...g6, ...Bg7, ...O-O, ...Re8, ...b5; контригра по флангам.","Белые имеют центр, чёрные атакуют слабые поля и ферзевый фланг.",d6 — частая цель белых. | ...b5 — главный ферзевый рычаг чёрных.,,,,
benko_gambit,B,Benoni Defense,A57-A59,Benko Gambit,1. d4 Nf6 2. c4 c5 3. d5 b5 4. cxb5 a6 5. bxa6 g6,Гамбит с долгосрочным давлением по a/b-линиям; нужно знать концепцию.,Принять или отказаться; если принять — развиться и нейтрализовать линии.,Жертва пешки за открытые a/b-линии и давление на ферзевом фланге.,"Чёрные получают позиционную компенсацию, не одноходовую тактику.",Против Benko нельзя просто держать пешку и забыть о развитии.,,,,
dutch_leningrad,A,Dutch Defense,A80-A99,Dutch — Leningrad Variation,1. d4 f5 2. g3 Nf6 3. Bg2 g6 4. Nf3 Bg7 5. O-O O-O,Главная современная Голландская: чёрные борются за e4 и атаку.,"g3/Bg2, Nf3, c4; давить на диагонали и поле e4.","...f5, ...g6, ...Bg7, ...d6, ...e5; королевская активность.",Чёрные получают активность ценой ослабления e6/e5/короля.,В Dutch поле e4 — центр вселенной.,,,,
dutch_stonewall,B,Dutch Defense,A90-A95,Dutch — Stonewall,1. d4 f5 2. g3 Nf6 3. Bg2 e6 4. Nf3 d5 5. O-O Bd6,Структура с сильным e4 и слабым e5/c5; важно понимать планы обеих сторон.,"Бить по слабым полям e5/c5, менять плохого слона чёрных.","Контроль e4, атака на короля, слон d6, конь e4.","Чёрные получают форпост e4, но их слон c8 часто проблемный.","Против Stonewall белые часто играют b3/Ba3, чтобы менять слона d6.",,,,
dutch_classical,B,Dutch Defense,A90,Dutch — Classical Variation,1. d4 f5 2. g3 Nf6 3. Bg2 e6 4. Nf3 Be7 5. O-O O-O,Более гибкая Голландская без Stonewall-структуры.,"Развитие, c4, Nc3; давить на e4/e5 и диагональ.","...Be7, ...O-O, ...d6/ ...Ne4; играть за королевский фланг.",Маневренная борьба за e4 и безопасность чёрного короля.,"Чёрным нужен активный план, иначе ...f5 станет только слабостью.",,,,
budapest_gambit,B,Queen’s Pawn Game,A51-A52,Budapest Gambit,1. d4 Nf6 2. c4 e5 3. dxe5 Ng4 4. Nf3 Nc6,Частый практический гамбит против 1.d4; надо знать спокойный ответ.,"Вернуть пешку при необходимости, развиться, не попасть под темпы.","Атаковать e5, развиться с темпом, иногда ...Bb4+.",Чёрные играют на активность за пешку; белые — на развитие и структуру.,Не держи пешку e5 любой ценой.,,,,
old_indian,C,Old Indian Defense,A53-A55,Old Indian Defense,1. d4 Nf6 2. c4 d6 3. Nc3 e5 4. Nf3 Nbd7,Похожа на КИД без фианкетто; часто уводит из привычной теории.,"Развиться, d5 или e4, использовать пространство.","...e5, ...Nbd7, ...Be7; крепко, но пассивнее КИД.",Белые имеют пространство; чёрные ищут ...c6/...a5/...Nc5.,Сравни с КИД: без ...g6 чёрным труднее создать королевскую атаку.,,,,
english_symmetrical,A,English Opening,A30-A39,Symmetrical English,1. c4 c5 2. Nf3 Nf6 3. g3 b6 4. Bg2 Bb7,"Главная Английская структура: симметрия, но много тонких планов.","g3/Bg2, Nc3, d4 в нужный момент; давление на диагонали.","Зеркальное развитие, ...d5 или ...e6; не дать белым бесплатный центр.",Борьба за d4/d5 и диагонали; часто транспонирует в Hedgehog.,"В English ход d4 — стратегическое решение, не автомат.",,,,
english_reversed_sicilian,A,English Opening,A20-A29,King’s English — Reversed Sicilian,1. c4 e5 2. Nc3 Nf6 3. g3 d5 4. cxd5 Nxd5 5. Bg2,Английская как Сицилианская с лишним темпом за белых.,"Фианкетто, давление на d5, выбор d3 или d4.",...d5 активно занимает центр; чёрные не должны играть пассивно.,"Белые получают гибкость, чёрные — ясный центр.","Лишний темп белых важен, но не превращает позицию в автоматический плюс.",,,,
english_four_knights,A,English Opening,A28-A29,English Four Knights,1. c4 e5 2. Nc3 Nf6 3. Nf3 Nc6 4. g3,Одна из самых частых Английских табий.,"g3/Bg2, d3 или d4, игра по центру и диагонали.",...Bb4/ ...d5/ ...Bc5; активное развитие.,Фигурная борьба без раннего фиксированного центра.,Белые выбирают момент d4; чёрные пытаются навязать ...d5.,,,,
english_botvinnik,B,English Opening,A20-A29,English — Botvinnik System,1. c4 e5 2. g3 d6 3. Bg2 g6 4. Nc3 Bg7 5. e4,Системная Английская с зажимом d5.,"c4/e4, Nc3, Nge2, d3; контролировать d5 и играть f4.","...d6, ...g6, ...Nf6; подрывы ...f5 или ...c6/...d5.","Закрытая структура: белые давят на d5, чёрные ищут подрыв.",Контроль d5 — смысл Botvinnik setup.,,,,
english_mikenas,B,English Opening,A18-A19,Mikenas-Carls Variation,1. c4 Nf6 2. Nc3 e6 3. e4 d5 4. e5,Острый способ белых наказать пассивный ответ на Английскую.,"e4-e5, пространство, быстрый центр.",...d5 провоцирует закрытие; атаковать центр через ...d4/...c5.,"Белые получают пространство, чёрные — цели для подрыва.",Английская может внезапно стать острой e4-позицией.,,,,
reti_opening,A,Réti Opening,A09,Réti Opening,1. Nf3 d5 2. c4 d4 3. b4,Гипермодерный старт: белые атакуют центр флангами.,"Nf3/c4/b4/g3; давить на d5/d4, не спешить с d4.","Занять центр, но не перерасширяться; ...d4 требует поддержки.",Белые подрывают центр с флангов; чёрные пытаются удержать пространство.,В Réti отсутствие d4 — осознанная гибкость.,,,,
kings_indian_attack,A,King’s Indian Attack,A05-A08,King’s Indian Attack,1. Nf3 Nf6 2. g3 d5 3. Bg2 c6 4. O-O Bf5 5. d3,Универсальная система за белых против многих защит.,"Nf3/g3/Bg2/O-O/d3, затем e4 и атака на короля.","Занять центр, развить слона c8, не дать e4 бесплатно.",Белые строят индийскую атаку с лишним темпом; чёрные должны занять центр.,"Ключ KIA — подготовить e4, а не просто фианкетто.",,,,
nimzo_larsen,C,Nimzo-Larsen Attack,A01,Nimzo-Larsen Attack,1. b3 d5 2. Bb2 Nf6 3. e3 e6 4. Nf3,"Редкий, но логичный фианкетто-старт; важно знать базовые ответы.","Bb2, e3, Nf3, c4 или f4; давление на диагональ a1-h8.","Занять центр пешками, не дать белым бесплатное e4.","Белые играют по большой диагонали, чёрные занимают центр.",Против b3 лучший ответ — крепкий центр.,,,,
bird_opening,C,Bird Opening,A02-A03,Bird Opening,1. f4 d5 2. Nf3 Nf6 3. e3 g6 4. b3,Редкий фланговый старт; приложение должно подсказать центральный ответ.,"Контроль e5, Nf3/e3/b3/Bb2, иногда Stonewall.","...d5, ...Nf6, ...g6 или ...e6; бить по e4/e5 и не бояться центра.","Белые играют зеркальную Голландскую; сильны на e5, слабы на короле.",1.f4 ослабляет диагональ e1-h4: тактическая внимательность обязательна.,,,,
hippopotamus_setup,C,Universal Systems,A00/B06,Hippopotamus / Double Fianchetto Setup,1. g3 g6 2. Bg2 Bg7 3. d3 d6 4. e4 e6 5. Nf3 Ne7,"Гибкая система, часто в блице и у игроков, избегающих теории.","Занять центр аккуратно, не вскрывать игру без развития.","Гибко держать центр, потом ...c5/...e5; не стать слишком пассивным.",Закрытая маневренная игра; первый сильный центральный разрыв решает.,"Против Hippo не нужно «матовать сразу»: центр, развитие, затем разрыв.",,,,
